<?xml version="1.0" encoding="utf-8" ?>
<lom:lom xmlns="http://ocw.mit.edu/xmlns/LOM"
         xmlns:lom="http://ocw.mit.edu/xmlns/LOM"
         xmlns:ocwlom="http://ocw.mit.edu/xmlns/ocwLOM"
         xmlns:xsi="http://www.w3.org/2001/XMLSchema-instance"
         xsi:schemaLocation="http://ocw.mit.edu/xmlns/LOM http://ocw.mit.edu/xsd/LOM/lomv1.0/lomv1.0.xsd http://ocw.mit.edu/xmlns/ocwLOM http://ocw.mit.edu/xsd/ocwLOM/ocwlomv1.0/ocwlomv1.0.xsd">
  <!--************************************************************ 
  This LOM record was produced by an automatic transformation to IEEE LOM, from OpenCourseWare's (OCW) initial version of Learning Object Metadata (LOM). (The initial version was based on IMS Global Consortium's LOM.)
			********************************************************-->
<!--***************************-->
<!--**** GENERAL ****-->
<!--***************************-->
    <lom:general uniqueElementName="general">
        <lom:title uniqueElementName="title">
            <lom:string language="en">Lecture 13: Learning: Genetic Algorithms</lom:string>
        </lom:title>
        <lom:description>
            <lom:string language="en">This lecture explores genetic algorithms at a conceptual level. We consider three approaches to how a population evolves towards desirable traits, ending with ranks of both fitness and diversity. We briefly discuss how this space is rich with solutions.</lom:string>
        </lom:description>
        <lom:language>en</lom:language>
        <lom:aggregationLevel uniqueElementName="aggregationLevel">
            <lom:source uniqueElementName="source">LOMv1.0</lom:source>
            <lom:value uniqueElementName="value">2</lom:value>
        </lom:aggregationLevel>
    </lom:general>
<!--***************************-->
<!--**** LIFECYCLE ****-->
<!--***************************-->
    <lom:lifeCycle uniqueElementName="lifeCycle">
        <lom:version uniqueElementName="version">
            <lom:string language="en">Fall 2010</lom:string>
        </lom:version>
        <lom:contribute>
            <lom:role>
                <lom:source uniqueElementName="source">OCW_LOMv1.0</lom:source>
                <lom:value uniqueElementName="value">Author</lom:value>
            </lom:role>
            <lom:entity>Winston, Patrick Henry</lom:entity>
            <lom:date uniqueElementName="date">
                <lom:dateTime uniqueElementName="dateTime">2015-9-23</lom:dateTime>
            </lom:date>
        </lom:contribute>
        
    </lom:lifeCycle>
<!--***************************-->
<!--**** TECHNICAL ****-->
<!--***************************-->
    <lom:technical uniqueElementName="technical">
        <lom:location>/courses/electrical-engineering-and-computer-science/6-034-artificial-intelligence-fall-2010/lecture-videos/lecture-13-learning-genetic-algorithms/index.htm</lom:location>
        
        
		
        <lom:requirement>
            <lom:orComposite>
                <lom:type uniqueElementName="type">
                    <lom:source uniqueElementName="source">LOMv1.0</lom:source>
                    <lom:value uniqueElementName="value">Browser</lom:value>
                </lom:type>
                <lom:name uniqueElementName="name">
                    <lom:source uniqueElementName="source">LOMv1.0</lom:source>
                    <lom:value uniqueElementName="value">Internet Explorer</lom:value>
                </lom:name>
                <lom:minimumVersion
    uniqueElementName="minimumVersion">6.0</lom:minimumVersion>
            </lom:orComposite>
            <lom:orComposite>
                <lom:type uniqueElementName="type">
                    <lom:source uniqueElementName="source">LOMv1.0</lom:source>
                    <lom:value uniqueElementName="value">Browser</lom:value>
                </lom:type>
                <lom:name uniqueElementName="name">
                    <lom:source uniqueElementName="source">LOMv1.0</lom:source>
                    <lom:value uniqueElementName="value">Mozilla Firefox</lom:value>
                </lom:name>
                <lom:minimumVersion
    uniqueElementName="minimumVersion">3.0</lom:minimumVersion>
            </lom:orComposite>
            <lom:orComposite>
                <lom:type uniqueElementName="type">
                    <lom:source uniqueElementName="source">LOMv1.0</lom:source>
                    <lom:value uniqueElementName="value">Browser</lom:value>
                </lom:type>
                <lom:name uniqueElementName="name">
                    <lom:source uniqueElementName="source">LOMv1.0</lom:source>
                    <lom:value uniqueElementName="value">Safari</lom:value>
                </lom:name>
                <lom:minimumVersion
    uniqueElementName="minimumVersion">4.0</lom:minimumVersion>
            </lom:orComposite>
        </lom:requirement>
    </lom:technical>
<!--***************************-->
<!--**** EDUCATIONAL ****-->
<!--***************************-->
    <lom:educational>
    	
        <lom:context>
            <lom:source uniqueElementName="source">OCW_LOMv1.0</lom:source>
            <lom:value uniqueElementName="value">Undergraduate</lom:value>
        </lom:context>
        
    </lom:educational>
<!--***************************-->
<!--**** RIGHTS ****-->
<!--***************************-->
    <lom:rights uniqueElementName="rights">
        <lom:copyrightAndOtherRestrictions uniqueElementName="copyrightAndOtherRestrictions">
            <lom:source uniqueElementName="source">LOMv1.0</lom:source>
            <lom:value uniqueElementName="value">yes</lom:value>
        </lom:copyrightAndOtherRestrictions>
        <lom:description>
            <lom:string language="en">This site (c) Massachusetts Institute of Technology 2015.  Content within individual courses is (c) by the individual authors unless otherwise noted. The Massachusetts Institute of Technology is providing this Work (as defined below) under the terms of this Creative Commons public license ("CCPL" or "license") unless otherwise noted. The Work is protected by copyright and/or other applicable law. Any use of the work other than as authorized under this license is prohibited. By exercising any of the rights to the Work provided here, You (as defined below) accept and agree to be bound by the terms of this license. The Licensor, the Massachusetts Institute of Technology, grants You the rights contained here in consideration of Your acceptance of such terms and conditions.</lom:string>
        </lom:description>
    </lom:rights>
<!--***************************-->
<!--**** RELATION ****-->
<!--***************************-->
    <lom:relation>
        <lom:kind uniqueElementName="kind">
            <lom:source uniqueElementName="source">LOMv1.0</lom:source>
            <lom:value uniqueElementName="value">ispartof</lom:value>
        </lom:kind>
        <lom:resource uniqueElementName="resource">
            <lom:identifier>
                <lom:catalog uniqueElementName="catalog">OCW Master Course Number</lom:catalog>
                <lom:entry uniqueElementName="entry">6.034 Artificial Intelligence Fall 2010</lom:entry>
            </lom:identifier>
            <lom:description>
                <lom:string language="en">This course introduces students to the basic knowledge representation, problem solving, and learning methods of artificial intelligence. Upon completion of 6.034, students should be able to develop intelligent systems by assembling solutions to concrete computational problems; understand the role of knowledge representation, problem solving, and learning in intelligent-system engineering; and appreciate the role of problem solving, vision, and language in understanding human intelligence from a computational perspective.</lom:string>
            </lom:description>
        </lom:resource>
    </lom:relation>
<!--***************************-->
<!--**** CLASSIFICATION ****-->
<!--***************************-->
    <lom:classification>
        <lom:taxonPath>
            <lom:source uniqueElementName="source">
                <lom:string language="en">CIP</lom:string>
            </lom:source>
            <lom:taxon>
                <lom:id uniqueElementName="id">110102</lom:id>
                <lom:entry uniqueElementName="entry">
                    <lom:string language="en"></lom:string>
                </lom:entry>
            </lom:taxon>
        </lom:taxonPath>
        <lom:keyword>
            <lom:string language="en">genetic algorithm</lom:string>
        </lom:keyword>
        <lom:keyword>
            <lom:string language="en">chromosome</lom:string>
        </lom:keyword>
        <lom:keyword>
            <lom:string language="en">mutation</lom:string>
        </lom:keyword>
        <lom:keyword>
            <lom:string language="en">crossover</lom:string>
        </lom:keyword>
        <lom:keyword>
            <lom:string language="en">selection</lom:string>
        </lom:keyword>
        <lom:keyword>
            <lom:string language="en">fitness</lom:string>
        </lom:keyword>
        <lom:keyword>
            <lom:string language="en">survival</lom:string>
        </lom:keyword>
        <lom:keyword>
            <lom:string language="en">evolution</lom:string>
        </lom:keyword>
        <lom:keyword>
            <lom:string language="en">diversity</lom:string>
        </lom:keyword>
        <lom:keyword>
            <lom:string language="en">rank</lom:string>
        </lom:keyword>
        <lom:keyword>
            <lom:string language="en">population</lom:string>
        </lom:keyword>
        <lom:keyword>
            <lom:string language="en">simulated annealing</lom:string>
        </lom:keyword>
        <lom:keyword>
            <lom:string language="en">hill climbing</lom:string>
        </lom:keyword>
        <lom:keyword>
            <lom:string language="en">rule based expert system</lom:string>
        </lom:keyword>
        <lom:keyword>
            <lom:string language="en">evolved virtual creatures</lom:string>
        </lom:keyword>
        <lom:keyword>
            <lom:string language="en">karl sims</lom:string>
        </lom:keyword>
    </lom:classification>
</lom:lom>
