<?xml version="1.0" encoding="utf-8" ?>
<manifest xmlns="http://www.imsglobal.org/xsd/imscp_v1p1"
          xmlns:xsi="http://www.w3.org/2001/XMLSchema-instance"
          xmlns:adlcp="http://www.adlnet.org/xsd/adlcp_rootv1p2"
          xmlns:cwsp="http://www.dspace.org/xmlns/cwspace_imscp"
          xmlns:ocw="http://ocw.mit.edu/xmlns/ocw_imscp"
          xmlns:lom="http://ocw.mit.edu/xmlns/LOM"
          identifier="urn_edu.mit.ocw_6-034-artificial-intelligence-fall-2010"
          version="2015-9-23T6:33:17"
          cwsp:packageType="Course"
          xml:base="6-034-fall-2010/"
          xsi:schemaLocation="http://www.imsglobal.org/xsd/imscp_v1p1 http://www.imsglobal.org/xsd/imscp_v1p1.xsd  http://www.adlnet.org/xsd/adlcp_rootv1p2 http://www.adlnet.org/xsd/adlcp_rootv1p2.xsd http://www.dspace.org/xmlns/cwspace_imscp http://www.dspace.org/xsd/cwspace_imscp/version10/cwspace_imscpv10.xsd http://ocw.mit.edu/xmlns/ocw_imscp http://ocw.mit.edu/xsd/ocw_imscp/version10/ocw_imscpv10.xsd http://ocw.mit.edu/xmlns/LOM http://ocw.mit.edu/xsd/LOM/lomv1.0/lomv1.0.xsd">
   	<metadata>
   		<schema>IMS Content</schema>
        <schemaversion>1.1</schemaversion>
        <cwsp:packageMetadata>
            <cwsp:sourceSystem>OCW</cwsp:sourceSystem>
            <cwsp:profile>CWSpace</cwsp:profile>
            <cwsp:profileVersion>0.1</cwsp:profileVersion>
        </cwsp:packageMetadata>
        <lom:general uniqueElementName="general">
            <lom:title uniqueElementName="title">
				<lom:string language="en">Artificial Intelligence</lom:string>
			</lom:title>
			<lom:identifier>
				<lom:catalog uniqueElementName="catalog">OCW Master Course Number</lom:catalog>
		      	<lom:entry uniqueElementName="entry">6.034</lom:entry>
			</lom:identifier>
        </lom:general>
        <lom:lifecycle uniqueElementName="lifeCycle">
            <lom:version uniqueElementName="version">
				<lom:string language="en">Fall 2010</lom:string>
			</lom:version>
            <lom:contribute>
	            <lom:role>
	                <lom:source uniqueElementName="source">OCW_LOMv1.0</lom:source>
	                <lom:value uniqueElementName="value">Author</lom:value>
	            </lom:role>
	            <lom:entity>Winston, Patrick Henry</lom:entity>
	            <lom:date uniqueElementName="date">
	                <lom:dateTime uniqueElementName="dateTime">2015-9-23</lom:dateTime>
	            </lom:date>
        	</lom:contribute>
        </lom:lifecycle>
        <lom:relation uniqueElementName="relation">
        	<lom:kind uniqueElementName="kind">
        		<lom:source uniqueElementName="source">OCW_LOMv1.0</lom:source>
        		<lom:value uniqueElementName="value">isbasedon</lom:value>
        	</lom:kind>
        	<lom:resource uniqueElementName="resource">
        		<lom:identifier>
        			<lom:catalog uniqueElementName="catalog">URI</lom:catalog>
        			<lom:entry uniqueElementName="entry">http://hdl.handle.net/1721.1/71719</lom:entry>
        		</lom:identifier>
        		<lom:description uniqueElementName="description">
        			<lom:string language="en">Previous version of the course</lom:string>
        		</lom:description>
        	</lom:resource>
        </lom:relation>
        <lom:taxonPath>
            <lom:source uniqueElementName="source">
                <lom:string language="en">OCW Course Topics</lom:string>
            </lom:source>
            <lom:taxon>
                <lom:entry uniqueElementName="entry">
                    <lom:string language="en">Engineering</lom:string>
                </lom:entry>
            </lom:taxon>
            <lom:taxon>
                <lom:entry uniqueElementName="entry">
                    <lom:string language="en">Computer Science</lom:string>
                </lom:entry>
            </lom:taxon>
            <lom:taxon>
                <lom:entry uniqueElementName="entry">
                    <lom:string language="en">Artificial Intelligence</lom:string>
                </lom:entry>
            </lom:taxon>
        </lom:taxonPath>
        <lom:taxonPath>
            <lom:source uniqueElementName="source">
                <lom:string language="en">OCW Course Topics</lom:string>
            </lom:source>
            <lom:taxon>
                <lom:entry uniqueElementName="entry">
                    <lom:string language="en">Engineering</lom:string>
                </lom:entry>
            </lom:taxon>
            <lom:taxon>
                <lom:entry uniqueElementName="entry">
                    <lom:string language="en">Computer Science</lom:string>
                </lom:entry>
            </lom:taxon>
            <lom:taxon>
                <lom:entry uniqueElementName="entry">
                    <lom:string language="en">Algorithms and Data Structures</lom:string>
                </lom:entry>
            </lom:taxon>
        </lom:taxonPath>
        <lom:taxonPath>
            <lom:source uniqueElementName="source">
                <lom:string language="en">OCW Course Topics</lom:string>
            </lom:source>
            <lom:taxon>
                <lom:entry uniqueElementName="entry">
                    <lom:string language="en">Engineering</lom:string>
                </lom:entry>
            </lom:taxon>
            <lom:taxon>
                <lom:entry uniqueElementName="entry">
                    <lom:string language="en">Computer Science</lom:string>
                </lom:entry>
            </lom:taxon>
            <lom:taxon>
                <lom:entry uniqueElementName="entry">
                    <lom:string language="en">Theory of Computation</lom:string>
                </lom:entry>
            </lom:taxon>
        </lom:taxonPath>        
        <adlcp:location>contents/index.htm.xml</adlcp:location>
    </metadata>
    <organizations default="ocw_6-034-artificial-intelligence-fall-2010">
        <organization identifier="ocw_6-034-artificial-intelligence-fall-2010">
            <title>Artificial Intelligence</title>
            <item identifier="i_6-034-artificial-intelligence-fall-2010.CourseHome"
                  identifierref="r_contents.index.htm"
                  ocw:sectionTemplateType="CourseHomePage"
                  ocw:sectionTemplateVersion="2015-9-23">
				<title>Artificial Intelligence</title>
				<item identifier="i_6-034-artificial-intelligence-fall-2010.6-034f10.JPG"
          identifierref="r_contents.6-034f10.JPG">
				<title>6-034f10.jpg</title>
				</item>
				<item identifier="i_6-034-artificial-intelligence-fall-2010.6-034f10-th.jpg"
          identifierref="r_contents.6-034f10-th.jpg">
				<title>6-034f10-th.jpg</title>
				</item>
			</item>
            <item identifier="i_6-034-artificial-intelligence-fall-2010.mega-recitation-videos"
                  identifierref="r_contents.mega-recitation-videos.index.htm"
                  ocw:sectionTemplateType="CourseSection"
                  ocw:sectionTemplateVersion="2015-9-23">
				<title>Mega-Recitation Videos</title>
				<item identifier="i_6-034-artificial-intelligence-fall-2010.mega-recitation-videos.mega-recitation-1-rule-based-systems"
          identifierref="r_contents.mega-recitation-videos.mega-recitation-1-rule-based-systems.index.htm">
				<title>Mega-Recitation 1: Rule-Based Systems</title>
				</item>
				<item identifier="i_6-034-artificial-intelligence-fall-2010.mega-recitation-videos.mega-recitation-2-basic-search-optimal-search"
          identifierref="r_contents.mega-recitation-videos.mega-recitation-2-basic-search-optimal-search.index.htm">
				<title>Mega-Recitation 2: Basic Search, Optimal Search</title>
				</item>
				<item identifier="i_6-034-artificial-intelligence-fall-2010.mega-recitation-videos.mega-recitation-3-games-minimax-alpha-beta"
          identifierref="r_contents.mega-recitation-videos.mega-recitation-3-games-minimax-alpha-beta.index.htm">
				<title>Mega-Recitation 3: Games, Minimax, Alpha-Beta</title>
				</item>
				<item identifier="i_6-034-artificial-intelligence-fall-2010.mega-recitation-videos.mega-recitation-4-neural-nets"
          identifierref="r_contents.mega-recitation-videos.mega-recitation-4-neural-nets.index.htm">
				<title>Mega-Recitation 4: Neural Nets</title>
				</item>
				<item identifier="i_6-034-artificial-intelligence-fall-2010.mega-recitation-videos.mega-recitation-5-support-vector-machines"
          identifierref="r_contents.mega-recitation-videos.mega-recitation-5-support-vector-machines.index.htm">
				<title>Mega-Recitation 5: Support Vector Machines</title>
				</item>
				<item identifier="i_6-034-artificial-intelligence-fall-2010.mega-recitation-videos.mega-recitation-6-boosting"
          identifierref="r_contents.mega-recitation-videos.mega-recitation-6-boosting.index.htm">
				<title>Mega-Recitation 6: Boosting</title>
				</item>
				<item identifier="i_6-034-artificial-intelligence-fall-2010.mega-recitation-videos.mega-recitation-7-near-misses-arch-learning"
          identifierref="r_contents.mega-recitation-videos.mega-recitation-7-near-misses-arch-learning.index.htm">
				<title>Mega-Recitation 7: Near Misses, Arch Learning</title>
				</item>
			</item>
            <item identifier="i_6-034-artificial-intelligence-fall-2010.Syllabus"
                  identifierref="r_contents.Syllabus.index.htm"
                  ocw:sectionTemplateType="CourseSection"
                  ocw:sectionTemplateVersion="2015-9-23">
				<title>Syllabus</title>
			</item>
            <item identifier="i_6-034-artificial-intelligence-fall-2010.calendar"
                  identifierref="r_contents.calendar.index.htm"
                  ocw:sectionTemplateType="CourseSection"
                  ocw:sectionTemplateVersion="2015-9-23">
				<title>Calendar</title>
			</item>
            <item identifier="i_6-034-artificial-intelligence-fall-2010.readings"
                  identifierref="r_contents.readings.index.htm"
                  ocw:sectionTemplateType="CourseSection"
                  ocw:sectionTemplateVersion="2015-9-23">
				<title>Readings</title>
				<item identifier="i_6-034-artificial-intelligence-fall-2010.readings.MIT6_034F10_netmath.pdf"
          identifierref="r_contents.readings.MIT6_034F10_netmath.pdf">
				<title>MIT6_034F10_netmath.pdf</title>
				</item>
				<item identifier="i_6-034-artificial-intelligence-fall-2010.readings.MIT6_034F10_bayes.pdf"
          identifierref="r_contents.readings.MIT6_034F10_bayes.pdf">
				<title>MIT6_034F10_bayes.pdf</title>
				</item>
				<item identifier="i_6-034-artificial-intelligence-fall-2010.readings.MIT6_034F10_svm.pdf"
          identifierref="r_contents.readings.MIT6_034F10_svm.pdf">
				<title>MIT6_034F10_svm.pdf</title>
				</item>
				<item identifier="i_6-034-artificial-intelligence-fall-2010.readings.MIT6_034F10_boosting.pdf"
          identifierref="r_contents.readings.MIT6_034F10_boosting.pdf">
				<title>MIT6_034F10_boosting.pdf</title>
				</item>
			</item>
            <item identifier="i_6-034-artificial-intelligence-fall-2010.tutorials"
                  identifierref="r_contents.tutorials.index.htm"
                  ocw:sectionTemplateType="CourseSection"
                  ocw:sectionTemplateVersion="2015-9-23">
				<title>Tutorials</title>
				<item identifier="i_6-034-artificial-intelligence-fall-2010.tutorials.MIT6_034F10_tutor01.pdf"
          identifierref="r_contents.tutorials.MIT6_034F10_tutor01.pdf">
				<title>6.034 Tutorial 1: Rule-based systems, search</title>
				</item>
				<item identifier="i_6-034-artificial-intelligence-fall-2010.tutorials.MIT6_034F10_tutor02.pdf"
          identifierref="r_contents.tutorials.MIT6_034F10_tutor02.pdf">
				<title>6.034 Tutorial 2: Games, constraint satisfaction problems</title>
				</item>
				<item identifier="i_6-034-artificial-intelligence-fall-2010.tutorials.MIT6_034F10_tutor03.pdf"
          identifierref="r_contents.tutorials.MIT6_034F10_tutor03.pdf">
				<title>6.034 Tutorial 3: K-nearest neighbors, decision trees, neural nets</title>
				</item>
				<item identifier="i_6-034-artificial-intelligence-fall-2010.tutorials.MIT6_034F10_tutor04.pdf"
          identifierref="r_contents.tutorials.MIT6_034F10_tutor04.pdf">
				<title>6.034 Tutorial 4: Top-down approach to neural nets</title>
				</item>
				<item identifier="i_6-034-artificial-intelligence-fall-2010.tutorials.MIT6_034F10_tutor05.pdf"
          identifierref="r_contents.tutorials.MIT6_034F10_tutor05.pdf">
				<title>6.034 Tutorial 5: Support vector machines, boosting</title>
				</item>
				<item identifier="i_6-034-artificial-intelligence-fall-2010.tutorials.MIT6_034F10_tutor06.pdf"
          identifierref="r_contents.tutorials.MIT6_034F10_tutor06.pdf">
				<title>6.034 Tutorial 5: Probability, Bayes nets, naïve Bayes, model selection</title>
				</item>
			</item>
            <item identifier="i_6-034-artificial-intelligence-fall-2010.assignments"
                  identifierref="r_contents.assignments.index.htm"
                  ocw:sectionTemplateType="CourseSection"
                  ocw:sectionTemplateVersion="2015-9-23">
				<title>Assignments</title>
				<item identifier="i_6-034-artificial-intelligence-fall-2010.assignments.MIT6_034F10_lab4.pdf"
          identifierref="r_contents.assignments.MIT6_034F10_lab4.pdf">
				<title>MIT6_034F10_lab4.pdf</title>
				</item>
				<item identifier="i_6-034-artificial-intelligence-fall-2010.assignments.lab2.zip"
          identifierref="r_contents.assignments.lab2.zip">
				<title>lab2.zip</title>
				</item>
				<item identifier="i_6-034-artificial-intelligence-fall-2010.assignments.lab3.zip"
          identifierref="r_contents.assignments.lab3.zip">
				<title>lab3.zip</title>
				</item>
				<item identifier="i_6-034-artificial-intelligence-fall-2010.assignments.lab0.zip"
          identifierref="r_contents.assignments.lab0.zip">
				<title>lab0.zip</title>
				</item>
				<item identifier="i_6-034-artificial-intelligence-fall-2010.assignments.lab1.zip"
          identifierref="r_contents.assignments.lab1.zip">
				<title>lab1.zip</title>
				</item>
				<item identifier="i_6-034-artificial-intelligence-fall-2010.assignments.lab4.zip"
          identifierref="r_contents.assignments.lab4.zip">
				<title>lab4.zip</title>
				</item>
				<item identifier="i_6-034-artificial-intelligence-fall-2010.assignments.lab5.zip"
          identifierref="r_contents.assignments.lab5.zip">
				<title>lab5.zip</title>
				</item>
				<item identifier="i_6-034-artificial-intelligence-fall-2010.assignments.MIT6_034F10_lab2.pdf"
          identifierref="r_contents.assignments.MIT6_034F10_lab2.pdf">
				<title>6.034 Artificial Intelligence, Lab 2</title>
				</item>
				<item identifier="i_6-034-artificial-intelligence-fall-2010.assignments.MIT6_034F10_lab3.pdf"
          identifierref="r_contents.assignments.MIT6_034F10_lab3.pdf">
				<title>6.034 Artificial Intelligence, Lab 3</title>
				</item>
				<item identifier="i_6-034-artificial-intelligence-fall-2010.assignments.MIT6_034F10_lab1.pdf"
          identifierref="r_contents.assignments.MIT6_034F10_lab1.pdf">
				<title>6.034 Artificial Intelligence, Lab 1</title>
				</item>
				<item identifier="i_6-034-artificial-intelligence-fall-2010.assignments.MIT6_034F10_lab0.pdf"
          identifierref="r_contents.assignments.MIT6_034F10_lab0.pdf">
				<title>6.034 Artificial Intelligence, Lab 0</title>
				</item>
				<item identifier="i_6-034-artificial-intelligence-fall-2010.assignments.MIT6_034F10_lab5.pdf"
          identifierref="r_contents.assignments.MIT6_034F10_lab5.pdf">
				<title>6.034 Artificial Intelligence, Lab 5</title>
				</item>
			</item>
            <item identifier="i_6-034-artificial-intelligence-fall-2010.exams"
                  identifierref="r_contents.exams.index.htm"
                  ocw:sectionTemplateType="CourseSection"
                  ocw:sectionTemplateVersion="2015-9-23">
				<title>Exams</title>
				<item identifier="i_6-034-artificial-intelligence-fall-2010.exams.MIT6_034F10_quiz2_2007.pdf"
          identifierref="r_contents.exams.MIT6_034F10_quiz2_2007.pdf">
				<title>MIT6_034F10_quiz2_2007.pdf</title>
				</item>
				<item identifier="i_6-034-artificial-intelligence-fall-2010.exams.MIT6_034F10_final_2007.pdf"
          identifierref="r_contents.exams.MIT6_034F10_final_2007.pdf">
				<title>MIT6_034F10_final_2007.pdf</title>
				</item>
				<item identifier="i_6-034-artificial-intelligence-fall-2010.exams.MIT6_034F10_quiz1_2010.pdf"
          identifierref="r_contents.exams.MIT6_034F10_quiz1_2010.pdf">
				<title>MIT6_034F10_quiz1_2010.pdf</title>
				</item>
				<item identifier="i_6-034-artificial-intelligence-fall-2010.exams.MIT6_034F10_quiz4_2009.pdf"
          identifierref="r_contents.exams.MIT6_034F10_quiz4_2009.pdf">
				<title>MIT6_034F10_quiz4_2009.pdf</title>
				</item>
				<item identifier="i_6-034-artificial-intelligence-fall-2010.exams.MIT6_034F10_quiz1_2008.pdf"
          identifierref="r_contents.exams.MIT6_034F10_quiz1_2008.pdf">
				<title>MIT6_034F10_quiz1_2008.pdf</title>
				</item>
				<item identifier="i_6-034-artificial-intelligence-fall-2010.exams.MIT6_034F10_quiz2_2008.pdf"
          identifierref="r_contents.exams.MIT6_034F10_quiz2_2008.pdf">
				<title>MIT6_034F10_quiz2_2008.pdf</title>
				</item>
				<item identifier="i_6-034-artificial-intelligence-fall-2010.exams.MIT6_034F10_quiz1_2007.pdf"
          identifierref="r_contents.exams.MIT6_034F10_quiz1_2007.pdf">
				<title>MIT6_034F10_quiz1_2007.pdf</title>
				</item>
				<item identifier="i_6-034-artificial-intelligence-fall-2010.exams.MIT6_034F10_quiz2_2009.pdf"
          identifierref="r_contents.exams.MIT6_034F10_quiz2_2009.pdf">
				<title>MIT6_034F10_quiz2_2009.pdf</title>
				</item>
				<item identifier="i_6-034-artificial-intelligence-fall-2010.exams.MIT6_034F10_quiz3_2009.pdf"
          identifierref="r_contents.exams.MIT6_034F10_quiz3_2009.pdf">
				<title>MIT6_034F10_quiz3_2009.pdf</title>
				</item>
				<item identifier="i_6-034-artificial-intelligence-fall-2010.exams.MIT6_034F10_quiz4_2010.pdf"
          identifierref="r_contents.exams.MIT6_034F10_quiz4_2010.pdf">
				<title>MIT6_034F10_quiz4_2010.pdf</title>
				</item>
				<item identifier="i_6-034-artificial-intelligence-fall-2010.exams.MIT6_034F10_quiz1_2009.pdf"
          identifierref="r_contents.exams.MIT6_034F10_quiz1_2009.pdf">
				<title>MIT6_034F10_quiz1_2009.pdf</title>
				</item>
				<item identifier="i_6-034-artificial-intelligence-fall-2010.exams.MIT6_034F10_quiz3_2007.pdf"
          identifierref="r_contents.exams.MIT6_034F10_quiz3_2007.pdf">
				<title>MIT6_034F10_quiz3_2007.pdf</title>
				</item>
				<item identifier="i_6-034-artificial-intelligence-fall-2010.exams.MIT6_034F10_quiz4_2007.pdf"
          identifierref="r_contents.exams.MIT6_034F10_quiz4_2007.pdf">
				<title>MIT6_034F10_quiz4_2007.pdf</title>
				</item>
				<item identifier="i_6-034-artificial-intelligence-fall-2010.exams.MIT6_034F10_quiz4_2008.pdf"
          identifierref="r_contents.exams.MIT6_034F10_quiz4_2008.pdf">
				<title>MIT6_034F10_quiz4_2008.pdf</title>
				</item>
				<item identifier="i_6-034-artificial-intelligence-fall-2010.exams.MIT6_034F10_quiz3_2010.pdf"
          identifierref="r_contents.exams.MIT6_034F10_quiz3_2010.pdf">
				<title>MIT6_034F10_quiz3_2010.pdf</title>
				</item>
				<item identifier="i_6-034-artificial-intelligence-fall-2010.exams.MIT6_034F10_final_2008.pdf"
          identifierref="r_contents.exams.MIT6_034F10_final_2008.pdf">
				<title>MIT6_034F10_final_2008.pdf</title>
				</item>
				<item identifier="i_6-034-artificial-intelligence-fall-2010.exams.MIT6_034F10_quiz3_2008.pdf"
          identifierref="r_contents.exams.MIT6_034F10_quiz3_2008.pdf">
				<title>MIT6_034F10_quiz3_2008.pdf</title>
				</item>
				<item identifier="i_6-034-artificial-intelligence-fall-2010.exams.MIT6_034F10_final_2009.pdf"
          identifierref="r_contents.exams.MIT6_034F10_final_2009.pdf">
				<title>MIT6_034F10_final_2009.pdf</title>
				</item>
				<item identifier="i_6-034-artificial-intelligence-fall-2010.exams.MIT6_034F10_quiz2_2010.pdf"
          identifierref="r_contents.exams.MIT6_034F10_quiz2_2010.pdf">
				<title>MIT6_034F10_quiz2_2010.pdf</title>
				</item>
				<item identifier="i_6-034-artificial-intelligence-fall-2010.exams.MIT6_034F10_final_2010.pdf"
          identifierref="r_contents.exams.MIT6_034F10_final_2010.pdf">
				<title>MIT6_034F10_final_2010.pdf</title>
				</item>
			</item>
            <item identifier="i_6-034-artificial-intelligence-fall-2010.demonstrations"
                  identifierref="r_contents.demonstrations.index.htm"
                  ocw:sectionTemplateType="CourseSection"
                  ocw:sectionTemplateVersion="2015-9-23">
				<title>Demonstrations</title>
				<item identifier="i_6-034-artificial-intelligence-fall-2010.demonstrations.demonstrate.jnlp"
          identifierref="r_contents.demonstrations.demonstrate.jnlp">
				<title>demonstrate.jnlp</title>
				</item>
			</item>
            <item identifier="i_6-034-artificial-intelligence-fall-2010.lecture-videos"
                  identifierref="r_contents.lecture-videos.index.htm"
                  ocw:sectionTemplateType="CourseSection"
                  ocw:sectionTemplateVersion="2015-9-23">
				<title>Lecture Videos</title>
				<item identifier="i_6-034-artificial-intelligence-fall-2010.lecture-videos.lecture-1-introduction-and-scope"
          identifierref="r_contents.lecture-videos.lecture-1-introduction-and-scope.index.htm">
				<title>Lecture 1: Introduction and Scope</title>
				</item>
				<item identifier="i_6-034-artificial-intelligence-fall-2010.lecture-videos.lecture-3-reasoning-goal-trees-and-rule-based-expert-systems"
          identifierref="r_contents.lecture-videos.lecture-3-reasoning-goal-trees-and-rule-based-expert-systems.index.htm">
				<title>Lecture 3: Reasoning: Goal Trees and Rule-Based Expert Systems</title>
				</item>
				<item identifier="i_6-034-artificial-intelligence-fall-2010.lecture-videos.lecture-5-search-optimal-branch-and-bound-a"
          identifierref="r_contents.lecture-videos.lecture-5-search-optimal-branch-and-bound-a.index.htm">
				<title>Lecture 5: Search: Optimal, Branch and Bound, A*</title>
				</item>
				<item identifier="i_6-034-artificial-intelligence-fall-2010.lecture-videos.lecture-6-search-games-minimax-and-alpha-beta"
          identifierref="r_contents.lecture-videos.lecture-6-search-games-minimax-and-alpha-beta.index.htm">
				<title>Lecture 6: Search: Games, Minimax, and Alpha-Beta</title>
				</item>
				<item identifier="i_6-034-artificial-intelligence-fall-2010.lecture-videos.lecture-7-constraints-interpreting-line-drawings"
          identifierref="r_contents.lecture-videos.lecture-7-constraints-interpreting-line-drawings.index.htm">
				<title>Lecture 7: Constraints: Interpreting Line Drawings</title>
				</item>
				<item identifier="i_6-034-artificial-intelligence-fall-2010.lecture-videos.lecture-14-learning-sparse-spaces-phonology"
          identifierref="r_contents.lecture-videos.lecture-14-learning-sparse-spaces-phonology.index.htm">
				<title>Lecture 14: Learning: Sparse Spaces, Phonology</title>
				</item>
				<item identifier="i_6-034-artificial-intelligence-fall-2010.lecture-videos.lecture-17-learning-boosting"
          identifierref="r_contents.lecture-videos.lecture-17-learning-boosting.index.htm">
				<title>Lecture 17: Learning: Boosting</title>
				</item>
				<item identifier="i_6-034-artificial-intelligence-fall-2010.lecture-videos.lecture-4-search-depth-first-hill-climbing-beam"
          identifierref="r_contents.lecture-videos.lecture-4-search-depth-first-hill-climbing-beam.index.htm">
				<title>Lecture 4: Search: Depth-First, Hill Climbing, Beam</title>
				</item>
				<item identifier="i_6-034-artificial-intelligence-fall-2010.lecture-videos.lecture-8-constraints-search-domain-reduction"
          identifierref="r_contents.lecture-videos.lecture-8-constraints-search-domain-reduction.index.htm">
				<title>Lecture 8: Constraints: Search, Domain Reduction</title>
				</item>
				<item identifier="i_6-034-artificial-intelligence-fall-2010.lecture-videos.lecture-9-constraints-visual-object-recognition"
          identifierref="r_contents.lecture-videos.lecture-9-constraints-visual-object-recognition.index.htm">
				<title>Lecture 9: Constraints: Visual Object Recognition</title>
				</item>
				<item identifier="i_6-034-artificial-intelligence-fall-2010.lecture-videos.lecture-10-introduction-to-learning-nearest-neighbors"
          identifierref="r_contents.lecture-videos.lecture-10-introduction-to-learning-nearest-neighbors.index.htm">
				<title>Lecture 10: Introduction to Learning, Nearest Neighbors</title>
				</item>
				<item identifier="i_6-034-artificial-intelligence-fall-2010.lecture-videos.lecture-11-learning-identification-trees-disorder"
          identifierref="r_contents.lecture-videos.lecture-11-learning-identification-trees-disorder.index.htm">
				<title>Lecture 11: Learning: Identification Trees, Disorder</title>
				</item>
				<item identifier="i_6-034-artificial-intelligence-fall-2010.lecture-videos.lecture-12-learning-neural-nets-back-propagation"
          identifierref="r_contents.lecture-videos.lecture-12-learning-neural-nets-back-propagation.index.htm">
				<title>Lecture 12: Learning: Neural Nets, Back Propagation</title>
				</item>
				<item identifier="i_6-034-artificial-intelligence-fall-2010.lecture-videos.lecture-13-learning-genetic-algorithms"
          identifierref="r_contents.lecture-videos.lecture-13-learning-genetic-algorithms.index.htm">
				<title>Lecture 13: Learning: Genetic Algorithms</title>
				</item>
				<item identifier="i_6-034-artificial-intelligence-fall-2010.lecture-videos.lecture-15-learning-near-misses-felicity-conditions"
          identifierref="r_contents.lecture-videos.lecture-15-learning-near-misses-felicity-conditions.index.htm">
				<title>Lecture 15: Learning: Near Misses, Felicity Conditions</title>
				</item>
				<item identifier="i_6-034-artificial-intelligence-fall-2010.lecture-videos.lecture-16-learning-support-vector-machines"
          identifierref="r_contents.lecture-videos.lecture-16-learning-support-vector-machines.index.htm">
				<title>Lecture 16: Learning: Support Vector Machines</title>
				</item>
				<item identifier="i_6-034-artificial-intelligence-fall-2010.lecture-videos.lecture-18-representations-classes-trajectories-transitions"
          identifierref="r_contents.lecture-videos.lecture-18-representations-classes-trajectories-transitions.index.htm">
				<title>Lecture 18: Representations: Classes, Trajectories, Transitions</title>
				</item>
				<item identifier="i_6-034-artificial-intelligence-fall-2010.lecture-videos.lecture-19-architectures-gps-soar-subsumption-society-of-mind"
          identifierref="r_contents.lecture-videos.lecture-19-architectures-gps-soar-subsumption-society-of-mind.index.htm">
				<title>Lecture 19: Architectures: GPS, SOAR, Subsumption, Society of Mind</title>
				</item>
				<item identifier="i_6-034-artificial-intelligence-fall-2010.lecture-videos.lecture-2-reasoning-goal-trees-and-problem-solving"
          identifierref="r_contents.lecture-videos.lecture-2-reasoning-goal-trees-and-problem-solving.index.htm">
				<title>Lecture 2: Reasoning: Goal Trees and Problem Solving</title>
				</item>
				<item identifier="i_6-034-artificial-intelligence-fall-2010.lecture-videos.lecture-21-probabilistic-inference-i"
          identifierref="r_contents.lecture-videos.lecture-21-probabilistic-inference-i.index.htm">
				<title>Lecture 21: Probabilistic Inference I</title>
				</item>
				<item identifier="i_6-034-artificial-intelligence-fall-2010.lecture-videos.lecture-22-probabilistic-inference-ii"
          identifierref="r_contents.lecture-videos.lecture-22-probabilistic-inference-ii.index.htm">
				<title>Lecture 22: Probabilistic Inference II</title>
				</item>
				<item identifier="i_6-034-artificial-intelligence-fall-2010.lecture-videos.lecture-23-model-merging-cross-modal-coupling-course-summary"
          identifierref="r_contents.lecture-videos.lecture-23-model-merging-cross-modal-coupling-course-summary.index.htm">
				<title>Lecture 23: Model Merging, Cross-Modal Coupling, Course Summary</title>
				</item>
			</item>
            <item identifier="i_terms"
                  identifierref="r_common.terms.index.htm"
                  ocw:sectionTemplateType="GlobalSection"
                  ocw:sectionTemplateVersion="2015-9-23">
				<title>Legal Notices</title>
			</item>
            <item identifier="i_terms"
                  identifierref="r_common.terms.index.htm"
                  ocw:sectionTemplateType="GlobalSection"
                  ocw:sectionTemplateVersion="2015-9-23">
				<title>Privacy Statement</title>
			</item>
            <item identifier="i_terms.trademarks"
                  identifierref="r_common.terms.trademarks.index.htm"
                  ocw:sectionTemplateType="GlobalSection"
                  ocw:sectionTemplateVersion="2015-9-23">
				<title>Trademark Notices</title>
			</item>
        </organization>
    </organizations>
    <resources>
        <resource identifier="r_contents.lecture-videos.lecture-6-search-games-minimax-and-alpha-beta.index.htm"
                  type="webcontent"
                  href="contents/lecture-videos/lecture-6-search-games-minimax-and-alpha-beta/index.htm">
            <metadata>
                <adlcp:location>contents/lecture-videos/lecture-6-search-games-minimax-and-alpha-beta/index.htm.xml</adlcp:location>
            </metadata>
            <file href="contents/lecture-videos/lecture-6-search-games-minimax-and-alpha-beta/index.htm"/>
            <dependency identifierref="webrenderrequirements.6-034-artificial-intelligence-fall-2010"/>            
        </resource>
        <resource identifier="r_contents.lecture-videos.lecture-3-reasoning-goal-trees-and-rule-based-expert-systems.index.htm"
                  type="webcontent"
                  href="contents/lecture-videos/lecture-3-reasoning-goal-trees-and-rule-based-expert-systems/index.htm">
            <metadata>
                <adlcp:location>contents/lecture-videos/lecture-3-reasoning-goal-trees-and-rule-based-expert-systems/index.htm.xml</adlcp:location>
            </metadata>
            <file href="contents/lecture-videos/lecture-3-reasoning-goal-trees-and-rule-based-expert-systems/index.htm"/>
            <dependency identifierref="webrenderrequirements.6-034-artificial-intelligence-fall-2010"/>            
        </resource>
        <resource identifier="r_contents.exams.MIT6_034F10_final_2009.pdf"
                  type="other"
                  href="contents/exams/MIT6_034F10_final_2009.pdf">
            <metadata>
                <adlcp:location>contents/exams/MIT6_034F10_final_2009.pdf.xml</adlcp:location>
            </metadata>
            <file href="contents/exams/MIT6_034F10_final_2009.pdf"/>
                        
        </resource>
        <resource identifier="r_contents.exams.MIT6_034F10_quiz4_2007.pdf"
                  type="other"
                  href="contents/exams/MIT6_034F10_quiz4_2007.pdf">
            <metadata>
                <adlcp:location>contents/exams/MIT6_034F10_quiz4_2007.pdf.xml</adlcp:location>
            </metadata>
            <file href="contents/exams/MIT6_034F10_quiz4_2007.pdf"/>
                        
        </resource>
        <resource identifier="r_contents.mega-recitation-videos.mega-recitation-3-games-minimax-alpha-beta.index.htm"
                  type="webcontent"
                  href="contents/mega-recitation-videos/mega-recitation-3-games-minimax-alpha-beta/index.htm">
            <metadata>
                <adlcp:location>contents/mega-recitation-videos/mega-recitation-3-games-minimax-alpha-beta/index.htm.xml</adlcp:location>
            </metadata>
            <file href="contents/mega-recitation-videos/mega-recitation-3-games-minimax-alpha-beta/index.htm"/>
            <dependency identifierref="webrenderrequirements.6-034-artificial-intelligence-fall-2010"/>            
        </resource>
        <resource identifier="r_contents.assignments.MIT6_034F10_lab2.pdf"
                  type="other"
                  href="contents/assignments/MIT6_034F10_lab2.pdf">
            <metadata>
                <adlcp:location>contents/assignments/MIT6_034F10_lab2.pdf.xml</adlcp:location>
            </metadata>
            <file href="contents/assignments/MIT6_034F10_lab2.pdf"/>
                        
        </resource>
        <resource identifier="r_contents.mega-recitation-videos.index.htm"
                  type="webcontent"
                  href="contents/mega-recitation-videos/index.htm">
            <metadata>
                <adlcp:location>contents/mega-recitation-videos/index.htm.xml</adlcp:location>
            </metadata>
            <file href="contents/mega-recitation-videos/index.htm"/>
            <dependency identifierref="webrenderrequirements.6-034-artificial-intelligence-fall-2010"/>            
        </resource>
        <resource identifier="r_contents.lecture-videos.lecture-5-search-optimal-branch-and-bound-a.index.htm"
                  type="webcontent"
                  href="contents/lecture-videos/lecture-5-search-optimal-branch-and-bound-a/index.htm">
            <metadata>
                <adlcp:location>contents/lecture-videos/lecture-5-search-optimal-branch-and-bound-a/index.htm.xml</adlcp:location>
            </metadata>
            <file href="contents/lecture-videos/lecture-5-search-optimal-branch-and-bound-a/index.htm"/>
            <dependency identifierref="webrenderrequirements.6-034-artificial-intelligence-fall-2010"/>            
        </resource>
        <resource identifier="r_contents.exams.MIT6_034F10_quiz1_2010.pdf"
                  type="other"
                  href="contents/exams/MIT6_034F10_quiz1_2010.pdf">
            <metadata>
                <adlcp:location>contents/exams/MIT6_034F10_quiz1_2010.pdf.xml</adlcp:location>
            </metadata>
            <file href="contents/exams/MIT6_034F10_quiz1_2010.pdf"/>
                        
        </resource>
        <resource identifier="r_contents.mega-recitation-videos.mega-recitation-4-neural-nets.index.htm"
                  type="webcontent"
                  href="contents/mega-recitation-videos/mega-recitation-4-neural-nets/index.htm">
            <metadata>
                <adlcp:location>contents/mega-recitation-videos/mega-recitation-4-neural-nets/index.htm.xml</adlcp:location>
            </metadata>
            <file href="contents/mega-recitation-videos/mega-recitation-4-neural-nets/index.htm"/>
            <dependency identifierref="webrenderrequirements.6-034-artificial-intelligence-fall-2010"/>            
        </resource>
        <resource identifier="r_contents.demonstrations.index.htm"
                  type="webcontent"
                  href="contents/demonstrations/index.htm">
            <metadata>
                <adlcp:location>contents/demonstrations/index.htm.xml</adlcp:location>
            </metadata>
            <file href="contents/demonstrations/index.htm"/>
            <dependency identifierref="webrenderrequirements.6-034-artificial-intelligence-fall-2010"/>            
        </resource>
        <resource identifier="r_contents.index.htm"
                  type="webcontent"
                  href="contents/index.htm">
            <metadata>
                <adlcp:location>contents/index.htm.xml</adlcp:location>
            </metadata>
            <file href="contents/index.htm"/>
            <dependency identifierref="webrenderrequirements.6-034-artificial-intelligence-fall-2010"/>            
        </resource>
        <resource identifier="r_contents.tutorials.MIT6_034F10_tutor03.pdf"
                  type="other"
                  href="contents/tutorials/MIT6_034F10_tutor03.pdf">
            <metadata>
                <adlcp:location>contents/tutorials/MIT6_034F10_tutor03.pdf.xml</adlcp:location>
            </metadata>
            <file href="contents/tutorials/MIT6_034F10_tutor03.pdf"/>
                        
        </resource>
        <resource identifier="r_contents.readings.MIT6_034F10_netmath.pdf"
                  type="other"
                  href="contents/readings/MIT6_034F10_netmath.pdf">
            <metadata>
                <adlcp:location>contents/readings/MIT6_034F10_netmath.pdf.xml</adlcp:location>
            </metadata>
            <file href="contents/readings/MIT6_034F10_netmath.pdf"/>
                        
        </resource>
        <resource identifier="r_contents.exams.MIT6_034F10_quiz3_2010.pdf"
                  type="other"
                  href="contents/exams/MIT6_034F10_quiz3_2010.pdf">
            <metadata>
                <adlcp:location>contents/exams/MIT6_034F10_quiz3_2010.pdf.xml</adlcp:location>
            </metadata>
            <file href="contents/exams/MIT6_034F10_quiz3_2010.pdf"/>
                        
        </resource>
        <resource identifier="r_contents.tutorials.index.htm"
                  type="webcontent"
                  href="contents/tutorials/index.htm">
            <metadata>
                <adlcp:location>contents/tutorials/index.htm.xml</adlcp:location>
            </metadata>
            <file href="contents/tutorials/index.htm"/>
            <dependency identifierref="webrenderrequirements.6-034-artificial-intelligence-fall-2010"/>            
        </resource>
        <resource identifier="r_contents.calendar.index.htm"
                  type="webcontent"
                  href="contents/calendar/index.htm">
            <metadata>
                <adlcp:location>contents/calendar/index.htm.xml</adlcp:location>
            </metadata>
            <file href="contents/calendar/index.htm"/>
            <dependency identifierref="webrenderrequirements.6-034-artificial-intelligence-fall-2010"/>            
        </resource>
        <resource identifier="r_contents.exams.MIT6_034F10_quiz2_2009.pdf"
                  type="other"
                  href="contents/exams/MIT6_034F10_quiz2_2009.pdf">
            <metadata>
                <adlcp:location>contents/exams/MIT6_034F10_quiz2_2009.pdf.xml</adlcp:location>
            </metadata>
            <file href="contents/exams/MIT6_034F10_quiz2_2009.pdf"/>
                        
        </resource>
        <resource identifier="r_contents.exams.MIT6_034F10_quiz3_2008.pdf"
                  type="other"
                  href="contents/exams/MIT6_034F10_quiz3_2008.pdf">
            <metadata>
                <adlcp:location>contents/exams/MIT6_034F10_quiz3_2008.pdf.xml</adlcp:location>
            </metadata>
            <file href="contents/exams/MIT6_034F10_quiz3_2008.pdf"/>
                        
        </resource>
        <resource identifier="r_contents.lecture-videos.index.htm"
                  type="webcontent"
                  href="contents/lecture-videos/index.htm">
            <metadata>
                <adlcp:location>contents/lecture-videos/index.htm.xml</adlcp:location>
            </metadata>
            <file href="contents/lecture-videos/index.htm"/>
            <dependency identifierref="webrenderrequirements.6-034-artificial-intelligence-fall-2010"/>            
        </resource>
        <resource identifier="r_contents.lecture-videos.lecture-13-learning-genetic-algorithms.index.htm"
                  type="webcontent"
                  href="contents/lecture-videos/lecture-13-learning-genetic-algorithms/index.htm">
            <metadata>
                <adlcp:location>contents/lecture-videos/lecture-13-learning-genetic-algorithms/index.htm.xml</adlcp:location>
            </metadata>
            <file href="contents/lecture-videos/lecture-13-learning-genetic-algorithms/index.htm"/>
            <dependency identifierref="webrenderrequirements.6-034-artificial-intelligence-fall-2010"/>            
        </resource>
        <resource identifier="r_contents.readings.MIT6_034F10_boosting.pdf"
                  type="other"
                  href="contents/readings/MIT6_034F10_boosting.pdf">
            <metadata>
                <adlcp:location>contents/readings/MIT6_034F10_boosting.pdf.xml</adlcp:location>
            </metadata>
            <file href="contents/readings/MIT6_034F10_boosting.pdf"/>
                        
        </resource>
        <resource identifier="r_contents.mega-recitation-videos.mega-recitation-6-boosting.index.htm"
                  type="webcontent"
                  href="contents/mega-recitation-videos/mega-recitation-6-boosting/index.htm">
            <metadata>
                <adlcp:location>contents/mega-recitation-videos/mega-recitation-6-boosting/index.htm.xml</adlcp:location>
            </metadata>
            <file href="contents/mega-recitation-videos/mega-recitation-6-boosting/index.htm"/>
            <dependency identifierref="webrenderrequirements.6-034-artificial-intelligence-fall-2010"/>            
        </resource>
        <resource identifier="r_contents.assignments.lab0.zip"
                  type="other"
                  href="contents/assignments/lab0.zip">
            <metadata>
                <adlcp:location>contents/assignments/lab0.zip.xml</adlcp:location>
            </metadata>
            <file href="contents/assignments/lab0.zip"/>
                        
        </resource>
        <resource identifier="r_contents.lecture-videos.lecture-16-learning-support-vector-machines.index.htm"
                  type="webcontent"
                  href="contents/lecture-videos/lecture-16-learning-support-vector-machines/index.htm">
            <metadata>
                <adlcp:location>contents/lecture-videos/lecture-16-learning-support-vector-machines/index.htm.xml</adlcp:location>
            </metadata>
            <file href="contents/lecture-videos/lecture-16-learning-support-vector-machines/index.htm"/>
            <dependency identifierref="webrenderrequirements.6-034-artificial-intelligence-fall-2010"/>            
        </resource>
        <resource identifier="r_contents.readings.index.htm"
                  type="webcontent"
                  href="contents/readings/index.htm">
            <metadata>
                <adlcp:location>contents/readings/index.htm.xml</adlcp:location>
            </metadata>
            <file href="contents/readings/index.htm"/>
            <dependency identifierref="webrenderrequirements.6-034-artificial-intelligence-fall-2010"/>            
        </resource>
        <resource identifier="r_contents.mega-recitation-videos.mega-recitation-7-near-misses-arch-learning.index.htm"
                  type="webcontent"
                  href="contents/mega-recitation-videos/mega-recitation-7-near-misses-arch-learning/index.htm">
            <metadata>
                <adlcp:location>contents/mega-recitation-videos/mega-recitation-7-near-misses-arch-learning/index.htm.xml</adlcp:location>
            </metadata>
            <file href="contents/mega-recitation-videos/mega-recitation-7-near-misses-arch-learning/index.htm"/>
            <dependency identifierref="webrenderrequirements.6-034-artificial-intelligence-fall-2010"/>            
        </resource>
        <resource identifier="r_contents.exams.MIT6_034F10_quiz1_2009.pdf"
                  type="other"
                  href="contents/exams/MIT6_034F10_quiz1_2009.pdf">
            <metadata>
                <adlcp:location>contents/exams/MIT6_034F10_quiz1_2009.pdf.xml</adlcp:location>
            </metadata>
            <file href="contents/exams/MIT6_034F10_quiz1_2009.pdf"/>
                        
        </resource>
        <resource identifier="r_contents.exams.MIT6_034F10_quiz2_2008.pdf"
                  type="other"
                  href="contents/exams/MIT6_034F10_quiz2_2008.pdf">
            <metadata>
                <adlcp:location>contents/exams/MIT6_034F10_quiz2_2008.pdf.xml</adlcp:location>
            </metadata>
            <file href="contents/exams/MIT6_034F10_quiz2_2008.pdf"/>
                        
        </resource>
        <resource identifier="r_contents.lecture-videos.lecture-12-learning-neural-nets-back-propagation.index.htm"
                  type="webcontent"
                  href="contents/lecture-videos/lecture-12-learning-neural-nets-back-propagation/index.htm">
            <metadata>
                <adlcp:location>contents/lecture-videos/lecture-12-learning-neural-nets-back-propagation/index.htm.xml</adlcp:location>
            </metadata>
            <file href="contents/lecture-videos/lecture-12-learning-neural-nets-back-propagation/index.htm"/>
            <dependency identifierref="webrenderrequirements.6-034-artificial-intelligence-fall-2010"/>            
        </resource>
        <resource identifier="r_contents.lecture-videos.lecture-23-model-merging-cross-modal-coupling-course-summary.index.htm"
                  type="webcontent"
                  href="contents/lecture-videos/lecture-23-model-merging-cross-modal-coupling-course-summary/index.htm">
            <metadata>
                <adlcp:location>contents/lecture-videos/lecture-23-model-merging-cross-modal-coupling-course-summary/index.htm.xml</adlcp:location>
            </metadata>
            <file href="contents/lecture-videos/lecture-23-model-merging-cross-modal-coupling-course-summary/index.htm"/>
            <dependency identifierref="webrenderrequirements.6-034-artificial-intelligence-fall-2010"/>            
        </resource>
        <resource identifier="r_contents.assignments.lab5.zip"
                  type="other"
                  href="contents/assignments/lab5.zip">
            <metadata>
                <adlcp:location>contents/assignments/lab5.zip.xml</adlcp:location>
            </metadata>
            <file href="contents/assignments/lab5.zip"/>
                        
        </resource>
        <resource identifier="r_contents.assignments.MIT6_034F10_lab3.pdf"
                  type="other"
                  href="contents/assignments/MIT6_034F10_lab3.pdf">
            <metadata>
                <adlcp:location>contents/assignments/MIT6_034F10_lab3.pdf.xml</adlcp:location>
            </metadata>
            <file href="contents/assignments/MIT6_034F10_lab3.pdf"/>
                        
        </resource>
        <resource identifier="r_contents.lecture-videos.lecture-14-learning-sparse-spaces-phonology.index.htm"
                  type="webcontent"
                  href="contents/lecture-videos/lecture-14-learning-sparse-spaces-phonology/index.htm">
            <metadata>
                <adlcp:location>contents/lecture-videos/lecture-14-learning-sparse-spaces-phonology/index.htm.xml</adlcp:location>
            </metadata>
            <file href="contents/lecture-videos/lecture-14-learning-sparse-spaces-phonology/index.htm"/>
            <dependency identifierref="webrenderrequirements.6-034-artificial-intelligence-fall-2010"/>            
        </resource>
        <resource identifier="r_contents.lecture-videos.lecture-18-representations-classes-trajectories-transitions.index.htm"
                  type="webcontent"
                  href="contents/lecture-videos/lecture-18-representations-classes-trajectories-transitions/index.htm">
            <metadata>
                <adlcp:location>contents/lecture-videos/lecture-18-representations-classes-trajectories-transitions/index.htm.xml</adlcp:location>
            </metadata>
            <file href="contents/lecture-videos/lecture-18-representations-classes-trajectories-transitions/index.htm"/>
            <dependency identifierref="webrenderrequirements.6-034-artificial-intelligence-fall-2010"/>            
        </resource>
        <resource identifier="r_contents.assignments.MIT6_034F10_lab5.pdf"
                  type="other"
                  href="contents/assignments/MIT6_034F10_lab5.pdf">
            <metadata>
                <adlcp:location>contents/assignments/MIT6_034F10_lab5.pdf.xml</adlcp:location>
            </metadata>
            <file href="contents/assignments/MIT6_034F10_lab5.pdf"/>
                        
        </resource>
        <resource identifier="r_contents.exams.MIT6_034F10_final_2007.pdf"
                  type="other"
                  href="contents/exams/MIT6_034F10_final_2007.pdf">
            <metadata>
                <adlcp:location>contents/exams/MIT6_034F10_final_2007.pdf.xml</adlcp:location>
            </metadata>
            <file href="contents/exams/MIT6_034F10_final_2007.pdf"/>
                        
        </resource>
        <resource identifier="r_contents.exams.MIT6_034F10_quiz4_2008.pdf"
                  type="other"
                  href="contents/exams/MIT6_034F10_quiz4_2008.pdf">
            <metadata>
                <adlcp:location>contents/exams/MIT6_034F10_quiz4_2008.pdf.xml</adlcp:location>
            </metadata>
            <file href="contents/exams/MIT6_034F10_quiz4_2008.pdf"/>
                        
        </resource>
        <resource identifier="r_contents.tutorials.MIT6_034F10_tutor01.pdf"
                  type="other"
                  href="contents/tutorials/MIT6_034F10_tutor01.pdf">
            <metadata>
                <adlcp:location>contents/tutorials/MIT6_034F10_tutor01.pdf.xml</adlcp:location>
            </metadata>
            <file href="contents/tutorials/MIT6_034F10_tutor01.pdf"/>
                        
        </resource>
        <resource identifier="r_contents.lecture-videos.lecture-15-learning-near-misses-felicity-conditions.index.htm"
                  type="webcontent"
                  href="contents/lecture-videos/lecture-15-learning-near-misses-felicity-conditions/index.htm">
            <metadata>
                <adlcp:location>contents/lecture-videos/lecture-15-learning-near-misses-felicity-conditions/index.htm.xml</adlcp:location>
            </metadata>
            <file href="contents/lecture-videos/lecture-15-learning-near-misses-felicity-conditions/index.htm"/>
            <dependency identifierref="webrenderrequirements.6-034-artificial-intelligence-fall-2010"/>            
        </resource>
        <resource identifier="r_contents.assignments.lab4.zip"
                  type="other"
                  href="contents/assignments/lab4.zip">
            <metadata>
                <adlcp:location>contents/assignments/lab4.zip.xml</adlcp:location>
            </metadata>
            <file href="contents/assignments/lab4.zip"/>
                        
        </resource>
        <resource identifier="r_contents.lecture-videos.lecture-1-introduction-and-scope.index.htm"
                  type="webcontent"
                  href="contents/lecture-videos/lecture-1-introduction-and-scope/index.htm">
            <metadata>
                <adlcp:location>contents/lecture-videos/lecture-1-introduction-and-scope/index.htm.xml</adlcp:location>
            </metadata>
            <file href="contents/lecture-videos/lecture-1-introduction-and-scope/index.htm"/>
            <dependency identifierref="webrenderrequirements.6-034-artificial-intelligence-fall-2010"/>            
        </resource>
        <resource identifier="r_contents.exams.MIT6_034F10_quiz2_2007.pdf"
                  type="other"
                  href="contents/exams/MIT6_034F10_quiz2_2007.pdf">
            <metadata>
                <adlcp:location>contents/exams/MIT6_034F10_quiz2_2007.pdf.xml</adlcp:location>
            </metadata>
            <file href="contents/exams/MIT6_034F10_quiz2_2007.pdf"/>
                        
        </resource>
        <resource identifier="r_contents.lecture-videos.lecture-21-probabilistic-inference-i.index.htm"
                  type="webcontent"
                  href="contents/lecture-videos/lecture-21-probabilistic-inference-i/index.htm">
            <metadata>
                <adlcp:location>contents/lecture-videos/lecture-21-probabilistic-inference-i/index.htm.xml</adlcp:location>
            </metadata>
            <file href="contents/lecture-videos/lecture-21-probabilistic-inference-i/index.htm"/>
            <dependency identifierref="webrenderrequirements.6-034-artificial-intelligence-fall-2010"/>            
        </resource>
        <resource identifier="r_contents.lecture-videos.lecture-22-probabilistic-inference-ii.index.htm"
                  type="webcontent"
                  href="contents/lecture-videos/lecture-22-probabilistic-inference-ii/index.htm">
            <metadata>
                <adlcp:location>contents/lecture-videos/lecture-22-probabilistic-inference-ii/index.htm.xml</adlcp:location>
            </metadata>
            <file href="contents/lecture-videos/lecture-22-probabilistic-inference-ii/index.htm"/>
            <dependency identifierref="webrenderrequirements.6-034-artificial-intelligence-fall-2010"/>            
        </resource>
        <resource identifier="r_contents.tutorials.MIT6_034F10_tutor06.pdf"
                  type="other"
                  href="contents/tutorials/MIT6_034F10_tutor06.pdf">
            <metadata>
                <adlcp:location>contents/tutorials/MIT6_034F10_tutor06.pdf.xml</adlcp:location>
            </metadata>
            <file href="contents/tutorials/MIT6_034F10_tutor06.pdf"/>
                        
        </resource>
        <resource identifier="r_contents.assignments.MIT6_034F10_lab0.pdf"
                  type="other"
                  href="contents/assignments/MIT6_034F10_lab0.pdf">
            <metadata>
                <adlcp:location>contents/assignments/MIT6_034F10_lab0.pdf.xml</adlcp:location>
            </metadata>
            <file href="contents/assignments/MIT6_034F10_lab0.pdf"/>
                        
        </resource>
        <resource identifier="r_contents.mega-recitation-videos.mega-recitation-2-basic-search-optimal-search.index.htm"
                  type="webcontent"
                  href="contents/mega-recitation-videos/mega-recitation-2-basic-search-optimal-search/index.htm">
            <metadata>
                <adlcp:location>contents/mega-recitation-videos/mega-recitation-2-basic-search-optimal-search/index.htm.xml</adlcp:location>
            </metadata>
            <file href="contents/mega-recitation-videos/mega-recitation-2-basic-search-optimal-search/index.htm"/>
            <dependency identifierref="webrenderrequirements.6-034-artificial-intelligence-fall-2010"/>            
        </resource>
        <resource identifier="r_contents.tutorials.MIT6_034F10_tutor05.pdf"
                  type="other"
                  href="contents/tutorials/MIT6_034F10_tutor05.pdf">
            <metadata>
                <adlcp:location>contents/tutorials/MIT6_034F10_tutor05.pdf.xml</adlcp:location>
            </metadata>
            <file href="contents/tutorials/MIT6_034F10_tutor05.pdf"/>
                        
        </resource>
        <resource identifier="r_contents.assignments.index.htm"
                  type="webcontent"
                  href="contents/assignments/index.htm">
            <metadata>
                <adlcp:location>contents/assignments/index.htm.xml</adlcp:location>
            </metadata>
            <file href="contents/assignments/index.htm"/>
            <dependency identifierref="webrenderrequirements.6-034-artificial-intelligence-fall-2010"/>            
        </resource>
        <resource identifier="r_contents.exams.MIT6_034F10_quiz4_2010.pdf"
                  type="other"
                  href="contents/exams/MIT6_034F10_quiz4_2010.pdf">
            <metadata>
                <adlcp:location>contents/exams/MIT6_034F10_quiz4_2010.pdf.xml</adlcp:location>
            </metadata>
            <file href="contents/exams/MIT6_034F10_quiz4_2010.pdf"/>
                        
        </resource>
        <resource identifier="r_contents.exams.MIT6_034F10_quiz3_2009.pdf"
                  type="other"
                  href="contents/exams/MIT6_034F10_quiz3_2009.pdf">
            <metadata>
                <adlcp:location>contents/exams/MIT6_034F10_quiz3_2009.pdf.xml</adlcp:location>
            </metadata>
            <file href="contents/exams/MIT6_034F10_quiz3_2009.pdf"/>
                        
        </resource>
        <resource identifier="r_contents.exams.MIT6_034F10_final_2010.pdf"
                  type="other"
                  href="contents/exams/MIT6_034F10_final_2010.pdf">
            <metadata>
                <adlcp:location>contents/exams/MIT6_034F10_final_2010.pdf.xml</adlcp:location>
            </metadata>
            <file href="contents/exams/MIT6_034F10_final_2010.pdf"/>
                        
        </resource>
        <resource identifier="r_contents.demonstrations.demonstrate.jnlp"
                  type="other"
                  href="contents/demonstrations/demonstrate.jnlp">
            <metadata>
                <adlcp:location>contents/demonstrations/demonstrate.jnlp.xml</adlcp:location>
            </metadata>
            <file href="contents/demonstrations/demonstrate.jnlp"/>
                        
        </resource>
        <resource identifier="r_contents.exams.MIT6_034F10_quiz1_2007.pdf"
                  type="other"
                  href="contents/exams/MIT6_034F10_quiz1_2007.pdf">
            <metadata>
                <adlcp:location>contents/exams/MIT6_034F10_quiz1_2007.pdf.xml</adlcp:location>
            </metadata>
            <file href="contents/exams/MIT6_034F10_quiz1_2007.pdf"/>
                        
        </resource>
        <resource identifier="r_contents.exams.MIT6_034F10_quiz3_2007.pdf"
                  type="other"
                  href="contents/exams/MIT6_034F10_quiz3_2007.pdf">
            <metadata>
                <adlcp:location>contents/exams/MIT6_034F10_quiz3_2007.pdf.xml</adlcp:location>
            </metadata>
            <file href="contents/exams/MIT6_034F10_quiz3_2007.pdf"/>
                        
        </resource>
        <resource identifier="r_contents.lecture-videos.lecture-19-architectures-gps-soar-subsumption-society-of-mind.index.htm"
                  type="webcontent"
                  href="contents/lecture-videos/lecture-19-architectures-gps-soar-subsumption-society-of-mind/index.htm">
            <metadata>
                <adlcp:location>contents/lecture-videos/lecture-19-architectures-gps-soar-subsumption-society-of-mind/index.htm.xml</adlcp:location>
            </metadata>
            <file href="contents/lecture-videos/lecture-19-architectures-gps-soar-subsumption-society-of-mind/index.htm"/>
            <dependency identifierref="webrenderrequirements.6-034-artificial-intelligence-fall-2010"/>            
        </resource>
        <resource identifier="r_contents.assignments.lab2.zip"
                  type="other"
                  href="contents/assignments/lab2.zip">
            <metadata>
                <adlcp:location>contents/assignments/lab2.zip.xml</adlcp:location>
            </metadata>
            <file href="contents/assignments/lab2.zip"/>
                        
        </resource>
        <resource identifier="r_contents.exams.MIT6_034F10_quiz4_2009.pdf"
                  type="other"
                  href="contents/exams/MIT6_034F10_quiz4_2009.pdf">
            <metadata>
                <adlcp:location>contents/exams/MIT6_034F10_quiz4_2009.pdf.xml</adlcp:location>
            </metadata>
            <file href="contents/exams/MIT6_034F10_quiz4_2009.pdf"/>
                        
        </resource>
        <resource identifier="r_contents.exams.MIT6_034F10_final_2008.pdf"
                  type="other"
                  href="contents/exams/MIT6_034F10_final_2008.pdf">
            <metadata>
                <adlcp:location>contents/exams/MIT6_034F10_final_2008.pdf.xml</adlcp:location>
            </metadata>
            <file href="contents/exams/MIT6_034F10_final_2008.pdf"/>
                        
        </resource>
        <resource identifier="r_contents.exams.index.htm"
                  type="webcontent"
                  href="contents/exams/index.htm">
            <metadata>
                <adlcp:location>contents/exams/index.htm.xml</adlcp:location>
            </metadata>
            <file href="contents/exams/index.htm"/>
            <dependency identifierref="webrenderrequirements.6-034-artificial-intelligence-fall-2010"/>            
        </resource>
        <resource identifier="r_contents.lecture-videos.lecture-7-constraints-interpreting-line-drawings.index.htm"
                  type="webcontent"
                  href="contents/lecture-videos/lecture-7-constraints-interpreting-line-drawings/index.htm">
            <metadata>
                <adlcp:location>contents/lecture-videos/lecture-7-constraints-interpreting-line-drawings/index.htm.xml</adlcp:location>
            </metadata>
            <file href="contents/lecture-videos/lecture-7-constraints-interpreting-line-drawings/index.htm"/>
            <dependency identifierref="webrenderrequirements.6-034-artificial-intelligence-fall-2010"/>            
        </resource>
        <resource identifier="r_contents.tutorials.MIT6_034F10_tutor04.pdf"
                  type="other"
                  href="contents/tutorials/MIT6_034F10_tutor04.pdf">
            <metadata>
                <adlcp:location>contents/tutorials/MIT6_034F10_tutor04.pdf.xml</adlcp:location>
            </metadata>
            <file href="contents/tutorials/MIT6_034F10_tutor04.pdf"/>
                        
        </resource>
        <resource identifier="r_contents.lecture-videos.lecture-4-search-depth-first-hill-climbing-beam.index.htm"
                  type="webcontent"
                  href="contents/lecture-videos/lecture-4-search-depth-first-hill-climbing-beam/index.htm">
            <metadata>
                <adlcp:location>contents/lecture-videos/lecture-4-search-depth-first-hill-climbing-beam/index.htm.xml</adlcp:location>
            </metadata>
            <file href="contents/lecture-videos/lecture-4-search-depth-first-hill-climbing-beam/index.htm"/>
            <dependency identifierref="webrenderrequirements.6-034-artificial-intelligence-fall-2010"/>            
        </resource>
        <resource identifier="r_contents.exams.MIT6_034F10_quiz1_2008.pdf"
                  type="other"
                  href="contents/exams/MIT6_034F10_quiz1_2008.pdf">
            <metadata>
                <adlcp:location>contents/exams/MIT6_034F10_quiz1_2008.pdf.xml</adlcp:location>
            </metadata>
            <file href="contents/exams/MIT6_034F10_quiz1_2008.pdf"/>
                        
        </resource>
        <resource identifier="r_contents.lecture-videos.lecture-9-constraints-visual-object-recognition.index.htm"
                  type="webcontent"
                  href="contents/lecture-videos/lecture-9-constraints-visual-object-recognition/index.htm">
            <metadata>
                <adlcp:location>contents/lecture-videos/lecture-9-constraints-visual-object-recognition/index.htm.xml</adlcp:location>
            </metadata>
            <file href="contents/lecture-videos/lecture-9-constraints-visual-object-recognition/index.htm"/>
            <dependency identifierref="webrenderrequirements.6-034-artificial-intelligence-fall-2010"/>            
        </resource>
        <resource identifier="r_contents.assignments.MIT6_034F10_lab4.pdf"
                  type="other"
                  href="contents/assignments/MIT6_034F10_lab4.pdf">
            <metadata>
                <adlcp:location>contents/assignments/MIT6_034F10_lab4.pdf.xml</adlcp:location>
            </metadata>
            <file href="contents/assignments/MIT6_034F10_lab4.pdf"/>
                        
        </resource>
        <resource identifier="r_contents.lecture-videos.lecture-11-learning-identification-trees-disorder.index.htm"
                  type="webcontent"
                  href="contents/lecture-videos/lecture-11-learning-identification-trees-disorder/index.htm">
            <metadata>
                <adlcp:location>contents/lecture-videos/lecture-11-learning-identification-trees-disorder/index.htm.xml</adlcp:location>
            </metadata>
            <file href="contents/lecture-videos/lecture-11-learning-identification-trees-disorder/index.htm"/>
            <dependency identifierref="webrenderrequirements.6-034-artificial-intelligence-fall-2010"/>            
        </resource>
        <resource identifier="r_contents.assignments.lab3.zip"
                  type="other"
                  href="contents/assignments/lab3.zip">
            <metadata>
                <adlcp:location>contents/assignments/lab3.zip.xml</adlcp:location>
            </metadata>
            <file href="contents/assignments/lab3.zip"/>
                        
        </resource>
        <resource identifier="r_contents.readings.MIT6_034F10_bayes.pdf"
                  type="other"
                  href="contents/readings/MIT6_034F10_bayes.pdf">
            <metadata>
                <adlcp:location>contents/readings/MIT6_034F10_bayes.pdf.xml</adlcp:location>
            </metadata>
            <file href="contents/readings/MIT6_034F10_bayes.pdf"/>
                        
        </resource>
        <resource identifier="r_contents.mega-recitation-videos.mega-recitation-5-support-vector-machines.index.htm"
                  type="webcontent"
                  href="contents/mega-recitation-videos/mega-recitation-5-support-vector-machines/index.htm">
            <metadata>
                <adlcp:location>contents/mega-recitation-videos/mega-recitation-5-support-vector-machines/index.htm.xml</adlcp:location>
            </metadata>
            <file href="contents/mega-recitation-videos/mega-recitation-5-support-vector-machines/index.htm"/>
            <dependency identifierref="webrenderrequirements.6-034-artificial-intelligence-fall-2010"/>            
        </resource>
        <resource identifier="r_contents.6-034f10.JPG"
                  type="other" href="contents/6-034f10.JPG">
            <metadata>
                <adlcp:location>contents/6-034f10.JPG.xml</adlcp:location>
            </metadata>
            <file href="contents/6-034f10.JPG"/>
                        
        </resource>
        <resource identifier="r_contents.6-034f10-th.jpg"
                  type="other"
                  href="contents/6-034f10-th.jpg">
            <metadata>
                <adlcp:location>contents/6-034f10-th.jpg.xml</adlcp:location>
            </metadata>
            <file href="contents/6-034f10-th.jpg"/>
                        
        </resource>
        <resource identifier="r_contents.assignments.MIT6_034F10_lab1.pdf"
                  type="other"
                  href="contents/assignments/MIT6_034F10_lab1.pdf">
            <metadata>
                <adlcp:location>contents/assignments/MIT6_034F10_lab1.pdf.xml</adlcp:location>
            </metadata>
            <file href="contents/assignments/MIT6_034F10_lab1.pdf"/>
                        
        </resource>
        <resource identifier="r_contents.assignments.lab1.zip"
                  type="other"
                  href="contents/assignments/lab1.zip">
            <metadata>
                <adlcp:location>contents/assignments/lab1.zip.xml</adlcp:location>
            </metadata>
            <file href="contents/assignments/lab1.zip"/>
                        
        </resource>
        <resource identifier="r_contents.tutorials.MIT6_034F10_tutor02.pdf"
                  type="other"
                  href="contents/tutorials/MIT6_034F10_tutor02.pdf">
            <metadata>
                <adlcp:location>contents/tutorials/MIT6_034F10_tutor02.pdf.xml</adlcp:location>
            </metadata>
            <file href="contents/tutorials/MIT6_034F10_tutor02.pdf"/>
                        
        </resource>
        <resource identifier="r_contents.lecture-videos.lecture-8-constraints-search-domain-reduction.index.htm"
                  type="webcontent"
                  href="contents/lecture-videos/lecture-8-constraints-search-domain-reduction/index.htm">
            <metadata>
                <adlcp:location>contents/lecture-videos/lecture-8-constraints-search-domain-reduction/index.htm.xml</adlcp:location>
            </metadata>
            <file href="contents/lecture-videos/lecture-8-constraints-search-domain-reduction/index.htm"/>
            <dependency identifierref="webrenderrequirements.6-034-artificial-intelligence-fall-2010"/>            
        </resource>
        <resource identifier="r_contents.lecture-videos.lecture-2-reasoning-goal-trees-and-problem-solving.index.htm"
                  type="webcontent"
                  href="contents/lecture-videos/lecture-2-reasoning-goal-trees-and-problem-solving/index.htm">
            <metadata>
                <adlcp:location>contents/lecture-videos/lecture-2-reasoning-goal-trees-and-problem-solving/index.htm.xml</adlcp:location>
            </metadata>
            <file href="contents/lecture-videos/lecture-2-reasoning-goal-trees-and-problem-solving/index.htm"/>
            <dependency identifierref="webrenderrequirements.6-034-artificial-intelligence-fall-2010"/>            
        </resource>
        <resource identifier="r_contents.lecture-videos.lecture-17-learning-boosting.index.htm"
                  type="webcontent"
                  href="contents/lecture-videos/lecture-17-learning-boosting/index.htm">
            <metadata>
                <adlcp:location>contents/lecture-videos/lecture-17-learning-boosting/index.htm.xml</adlcp:location>
            </metadata>
            <file href="contents/lecture-videos/lecture-17-learning-boosting/index.htm"/>
            <dependency identifierref="webrenderrequirements.6-034-artificial-intelligence-fall-2010"/>            
        </resource>
        <resource identifier="r_contents.lecture-videos.lecture-10-introduction-to-learning-nearest-neighbors.index.htm"
                  type="webcontent"
                  href="contents/lecture-videos/lecture-10-introduction-to-learning-nearest-neighbors/index.htm">
            <metadata>
                <adlcp:location>contents/lecture-videos/lecture-10-introduction-to-learning-nearest-neighbors/index.htm.xml</adlcp:location>
            </metadata>
            <file href="contents/lecture-videos/lecture-10-introduction-to-learning-nearest-neighbors/index.htm"/>
            <dependency identifierref="webrenderrequirements.6-034-artificial-intelligence-fall-2010"/>            
        </resource>
        <resource identifier="r_contents.Syllabus.index.htm"
                  type="webcontent"
                  href="contents/Syllabus/index.htm">
            <metadata>
                <adlcp:location>contents/Syllabus/index.htm.xml</adlcp:location>
            </metadata>
            <file href="contents/Syllabus/index.htm"/>
            <dependency identifierref="webrenderrequirements.6-034-artificial-intelligence-fall-2010"/>            
        </resource>
        <resource identifier="r_contents.readings.MIT6_034F10_svm.pdf"
                  type="other"
                  href="contents/readings/MIT6_034F10_svm.pdf">
            <metadata>
                <adlcp:location>contents/readings/MIT6_034F10_svm.pdf.xml</adlcp:location>
            </metadata>
            <file href="contents/readings/MIT6_034F10_svm.pdf"/>
                        
        </resource>
        <resource identifier="r_contents.mega-recitation-videos.mega-recitation-1-rule-based-systems.index.htm"
                  type="webcontent"
                  href="contents/mega-recitation-videos/mega-recitation-1-rule-based-systems/index.htm">
            <metadata>
                <adlcp:location>contents/mega-recitation-videos/mega-recitation-1-rule-based-systems/index.htm.xml</adlcp:location>
            </metadata>
            <file href="contents/mega-recitation-videos/mega-recitation-1-rule-based-systems/index.htm"/>
            <dependency identifierref="webrenderrequirements.6-034-artificial-intelligence-fall-2010"/>            
        </resource>
        <resource identifier="r_contents.exams.MIT6_034F10_quiz2_2010.pdf"
                  type="other"
                  href="contents/exams/MIT6_034F10_quiz2_2010.pdf">
            <metadata>
                <adlcp:location>contents/exams/MIT6_034F10_quiz2_2010.pdf.xml</adlcp:location>
            </metadata>
            <file href="contents/exams/MIT6_034F10_quiz2_2010.pdf"/>
                        
        </resource>        
        <resource identifier="r_common.search.AdvancedSearch.htm"
                  type="webcontent"
                  href="common/search/AdvancedSearch.htm">
            <file href="common/search/AdvancedSearch.htm"/>
            <dependency identifierref="webrenderrequirements.6-034-artificial-intelligence-fall-2010"/>            
        </resource>
        <resource identifier="r_common.jsp.feedback.htm"
                  type="webcontent"
                  href="common/jsp/feedback.htm">
            <file href="common/jsp/feedback.htm"/>
            <dependency identifierref="webrenderrequirements.6-034-artificial-intelligence-fall-2010"/>            
        </resource>
        <resource identifier="r_common.terms.index.htm"
                  type="webcontent"
                  href="common/terms/index.htm">
            <file href="common/terms/by.png"/>
            <file href="common/terms/nc.png"/>
            <file href="common/terms/sa.png"/>
            <file href="common/terms/deedheadyellow.png"/>
            <file href="common/terms/freedomsheader.png"/>
            <file href="common/terms/limitationsheader.png"/>
            <file href="common/terms/understandingheader.jpg"/>
            <file href="common/terms/deedfootyellow.png"/>
            <dependency identifierref="webrenderrequirements.6-034-artificial-intelligence-fall-2010"/>            
        </resource>
        <resource identifier="r_common.terms.trademarks.index.htm"
                  type="webcontent"
                  href="common/terms/trademarks/index.htm">
            <file href="common/terms/trademarks/index.htm"/>
            <dependency identifierref="webrenderrequirements.6-034-artificial-intelligence-fall-2010"/>            
        </resource>
        <resource identifier="webrenderrequirements.6-034-artificial-intelligence-fall-2010"
                  type="webcontent">
        	<file href="common/styles/base.css"/>
        	<file href="common/styles/courses.css"/>
        	<file href="common/styles/courses_new.css"/>
        	<file href="common/styles/educator.css"/>
        	<file href="common/styles/global.css"/>
        	<file href="common/styles/grid.css"/>
        	<file href="common/styles/highslide.css"/>
        	<file href="common/styles/highslide-ie6.css"/>
        	<file href="common/styles/jquery.bubblepopup.css"/>
        	<file href="common/styles/jquery.jscrollpane.css"/>
        	<file href="common/styles/jquery-ui.css"/>
        	<file href="common/styles/menu.css"/>
        	<file href="common/styles/scholar2.css"/>
        	<file href="common/styles/media_tabs.css"/>
        	<file href="common/scripts/bubble-popup-offline.js"/>
        	<file href="common/scripts/jquery.js"/>
        	<file href="common/scripts/ocw-media-utils.js"/>
        	<file href="common/scripts/ocw-media-utils-offline.js"/>
        	<file href="common/scripts/highslide-with-gallery.js"/>
        	<file href="common/scripts/jquery.bubblepopup.min.js"/>
        	<file href="common/scripts/jquery.jscrollpane.min.js"/>
        	<file href="common/scripts/jquery-ui.min.js"/>
        	<file href="common/scripts/jQuizMe-uncompressed.js"/>
        	<file href="common/scripts/ocw-offline.js"/>
        	<file href="common/scripts/expandy.js"/>
        	<file href="common/scripts/chart.js"/>
        	<file href="common/scripts/jquery.anythingslider.js"/>
        	<file href="common/images/ocw_mast.png"/>
        	<file href="common/images/button_subscribe.png"/>
        	<file href="common/images/icon_fb.png"/>
        	<file href="common/images/icon_gp.png"/>
        	<file href="common/images/icon_pin.png"/>
        	<file href="common/images/icon_tw.png"/>
        	<file href="common/images/icon-question-ovt.png"/>
        	<file href="common/images/icon-question-svt.png"/>
        	<file href="common/images/icon-question-avt.png"/>
        	<file href="common/images/top-nav_home.png"/>
        	<file href="common/images/button_search.png"/>
        	<file href="common/images/bg_top.png"/>
        	<file href="common/images/bg_social.png"/>
        	<file href="common/images/bg_social2.png"/>
        	<file href="common/images/bg_mega-courses.png"/>
        	<file href="common/images/bg_center2.png"/>
        	<file href="common/images/bg_course-nav_current.png"/>
        	<file href="common/images/button_donate-now.png"/>
        	<file href="common/images/logo_mit.png"/>
        	<file href="common/images/logo_ocwc.gif"/>
        	<file href="common/images/cc_by-nc-sa.png"/>
        	<file href="common/images/logo_dow.png"/>
        	<file href="common/images/logo_lockheed.png"/>
        	<file href="common/images/logo_mathworks.png"/>
        	<file href="common/images/logo_abinitio.png"/>
        	<file href="common/images/bg_bottom.png"/>
        	<file href="common/images/nav_arrow.png"/>
        	<file href="common/images/news-subscibe_bg.png"/>
        	<file href="common/images/black-arrow.gif"/>
        	<file href="common/images/trans.gif"/>
        	<file href="common/images/arrow-bullet.gif"/>
        	<file href="common/images/apple-touch-icon.png"/>
        	<file href="common/images/highslide/graphics/zoomin.cur"/>
        	<file href="common/images/highslide/graphics/zoomout.cur"/>
        	<file href="common/images/highslide/graphics/controlbar2.gif"/>
        	<file href="common/images/highslide/graphics/controlbar3.gif"/>
        	<file href="common/images/highslide/graphics/controlbar4.gif"/>
        	<file href="common/images/highslide/graphics/controlbar4-hover.gif"/>
        	<file href="common/images/highslide/graphics/controlbar-black-border.gif"/>
        	<file href="common/images/highslide/graphics/controlbar-white.gif"/>
        	<file href="common/images/highslide/graphics/controlbar-white-small.gif"/>
        	<file href="common/images/highslide/graphics/fullexpand.gif"/>
        	<file href="common/images/highslide/graphics/icon.gif"/>
        	<file href="common/images/highslide/graphics/loader.gif"/>
        	<file href="common/images/highslide/graphics/loader.white.gif"/>
        	<file href="common/images/highslide/graphics/resize.gif"/>
        	<file href="common/images/highslide/graphics/close.png"/>
        	<file href="common/images/highslide/graphics/closeX.png"/>
        	<file href="common/images/highslide/graphics/controlbar-text-buttons.png"/>
        	<file href="common/images/highslide/graphics/geckodimmer.png"/>
        	<file href="common/images/highslide/graphics/scrollarrows.png"/>
        	<file href="common/images/highslide/graphics/outlines/beveled.png"/>
        	<file href="common/images/highslide/graphics/outlines/drop-shadow.png"/>
        	<file href="common/images/highslide/graphics/outlines/glossy-dark.png"/>
        	<file href="common/images/highslide/graphics/outlines/outer-glow.png"/>
        	<file href="common/images/highslide/graphics/outlines/rounded-black.png"/>
        	<file href="common/images/highslide/graphics/outlines/rounded-white.png"/>
        	<file href="common/images/highslide/graphics/outlines/Outlines.psd"/>
        	<file href="common/images/button_continue.jpg"/>
        	<file href="common/images/button_donate.jpg"/>
        	<file href="common/images/button_start.jpg"/>
        	<file href="common/images/scholar_bar_chp.png"/>
        	<file href="common/images/scholar_bar.png"/>
        	<file href="common/images/logo_pdf.jpg"/>
        	<file href="common/images/h2_trigger_open_close.gif"/>
        	<file href="common/images/bookmark.gif"/>
        	<file href="common/images/check.png"/>
        	<file href="common/images/lightbulb.png"/>
        	<file href="common/images/audio_file.gif"/>
        	<file href="common/images/audio_only_slate.gif"/>
        	<file href="common/images/video_file.gif"/>
        	<file href="common/images/back-5.png"/>
        	<file href="common/images/btn_next_resource.png"/>
        	<file href="common/images/btn_previous_resource.png"/>
        	<file href="common/images/close.png"/>
        	<file href="common/images/inacessible.gif"/>
        	<file href="common/images/jquerybubblepopup-theme/grey/ie/bottom-left.gif"/>
        	<file href="common/images/jquerybubblepopup-theme/grey/ie/bottom-middle.gif"/>
        	<file href="common/images/jquerybubblepopup-theme/grey/ie/bottom-right.gif"/>
        	<file href="common/images/jquerybubblepopup-theme/grey/ie/middle-left.gif"/>
        	<file href="common/images/jquerybubblepopup-theme/grey/ie/middle-right.gif"/>
        	<file href="common/images/jquerybubblepopup-theme/grey/ie/tail-bottom.gif"/>
        	<file href="common/images/jquerybubblepopup-theme/grey/ie/tail-left.gif"/>
        	<file href="common/images/jquerybubblepopup-theme/grey/ie/tail-right.gif"/>
        	<file href="common/images/jquerybubblepopup-theme/grey/ie/tail-top.gif"/>
        	<file href="common/images/jquerybubblepopup-theme/grey/ie/top-left.gif"/>
        	<file href="common/images/jquerybubblepopup-theme/grey/ie/top-middle.gif"/>
        	<file href="common/images/jquerybubblepopup-theme/grey/ie/top-right.gif"/>
        	<file href="common/images/jquerybubblepopup-theme/grey/bottom-left.png"/>
        	<file href="common/images/jquerybubblepopup-theme/grey/bottom-middle.png"/>
        	<file href="common/images/jquerybubblepopup-theme/grey/bottom-right.png"/>
        	<file href="common/images/jquerybubblepopup-theme/grey/middle-left.png"/>
        	<file href="common/images/jquerybubblepopup-theme/grey/middle-right.png"/>
        	<file href="common/images/jquerybubblepopup-theme/grey/tail-bottom.png"/>
        	<file href="common/images/jquerybubblepopup-theme/grey/tail-left.png"/>
        	<file href="common/images/jquerybubblepopup-theme/grey/tail-right.png"/>
        	<file href="common/images/jquerybubblepopup-theme/grey/tail-top.png"/>
        	<file href="common/images/jquerybubblepopup-theme/grey/top-left.png"/>
        	<file href="common/images/jquerybubblepopup-theme/grey/top-middle.png"/>
        	<file href="common/images/jquerybubblepopup-theme/grey/top-right.png"/>
        	<file href="common/images/educator/classroom_next.png"/>
        	<file href="common/images/educator/classroom_next_dim.png"/>
        	<file href="common/images/educator/classroom_prev.png"/>
        	<file href="common/images/educator/classroom_prev_dim.png"/>
        	<file href="common/images/educator/edu_b-blank.png"/>
        	<file href="common/images/educator/edu_b-blank-key.png"/>
        	<file href="common/images/educator/edu_b-duedate.png"/>
        	<file href="common/images/educator/edu_b-duedate-key.png"/>
        	<file href="common/images/educator/edu_b-exam.png"/>
        	<file href="common/images/educator/edu_b-exam-key.png"/>
        	<file href="common/images/educator/edu_b-lab.png"/>
        	<file href="common/images/educator/edu_b-lab-key.png"/>
        	<file href="common/images/educator/edu_b-lab-team.png"/>
        	<file href="common/images/educator/edu_b-lab-duedate.png"/>
        	<file href="common/images/educator/edu_b-leclab.png"/>
        	<file href="common/images/educator/edu_b-leclab-key.png"/>
        	<file href="common/images/educator/edu_b-lecture.png"/>
        	<file href="common/images/educator/edu_b-lecture-duedate.png"/>
        	<file href="common/images/educator/edu_b-lecture-exam.png"/>
        	<file href="common/images/educator/edu_b-lecture-key.png"/>
        	<file href="common/images/educator/edu_b-lecture-lunch.png"/>
        	<file href="common/images/educator/edu_b-lecture-preslab.png"/>
        	<file href="common/images/educator/edu_b-lecture-quiz.png"/>
        	<file href="common/images/educator/edu_b-lecture-team.png"/>
        	<file href="common/images/educator/edu_b-lecrec-key.png"/>
        	<file href="common/images/educator/edu_b-leclab-duedate.png"/>
        	<file href="common/images/educator/edu_b-lecrec.png"/>
        	<file href="common/images/educator/edu_b-lecrec-duedate.png"/>
        	<file href="common/images/educator/edu_b-noclass-quiz.png"/>
        	<file href="common/images/educator/edu_b-lunch.png"/>
        	<file href="common/images/educator/edu_b-lunch-key.png"/>
        	<file href="common/images/educator/edu_b-noclass.png"/>
        	<file href="common/images/educator/edu_b-noclass-duedate.png"/>
        	<file href="common/images/educator/edu_b-noclass-exam.png"/>
        	<file href="common/images/educator/edu_b-noclass-key.png"/>
        	<file href="common/images/educator/edu_b-office.png"/>
        	<file href="common/images/educator/edu_b-office-key.png"/>
        	<file href="common/images/educator/edu_b-present.png"/>
        	<file href="common/images/educator/edu_b-present-duedate.png"/>
        	<file href="common/images/educator/edu_b-present-key.png"/>
        	<file href="common/images/educator/edu_b-preslab.png"/>
        	<file href="common/images/educator/edu_b-preslab-key.png"/>
        	<file href="common/images/educator/edu_b-quiz-key.png"/>
        	<file href="common/images/educator/edu_b-reclab-key.png"/>
        	<file href="common/images/educator/edu_b-reclab-concert.png"/>
        	<file href="common/images/educator/edu_b-reclab.png"/>
        	<file href="common/images/educator/edu_b-noclass-concert.png"/>
        	<file href="common/images/educator/edu_b-leclab-concert.png"/>
        	<file href="common/images/educator/edu_b-concert-key.png"/>
        	<file href="common/images/educator/edu_b-concert.png"/>
        	<file href="common/images/educator/edu_b-recitation.png"/>
        	<file href="common/images/educator/edu_b-recitation-duedate.png"/>
        	<file href="common/images/educator/edu_b-recitation-exam.png"/>
        	<file href="common/images/educator/edu_b-recitation-key.png"/>
        	<file href="common/images/educator/edu_b-team.png"/>
        	<file href="common/images/educator/edu_b-team-key.png"/>
        	<file href="common/images/educator/edu_b-team-preslab.png"/>
        	<file href="common/images/educator/edu_b-work.png"/>
        	<file href="common/images/educator/edu_b-work-key.png"/>
        	<file href="common/images/educator/icon-question-cih.png"/>
        	<file href="common/images/educator/icon-question-cihw.png"/>
        	<file href="common/images/educator/icon-question-cim.png"/>
        	<file href="common/images/educator/icon-question-collab.png"/>
        	<file href="common/images/educator/icon-question-coop.png"/>
        	<file href="common/images/educator/icon-question-fas.png"/>
        	<file href="common/images/educator/icon-question-gir.png"/>
        	<file href="common/images/educator/icon-question-hass.png"/>
        	<file href="common/images/educator/icon-question-hass-s.png"/>
        	<file href="common/images/educator/icon-question-iap.png"/>
        	<file href="common/images/educator/icon-question-lab.png"/>
        	<file href="common/images/educator/icon-question-urop.png"/>
        	<file href="common/images/educator/icon-question-active.png"/>
        	<file href="common/images/educator/icon-question-clickq.png"/>
        	<file href="common/images/educator/icon-question-conq.png"/>
        	<file href="common/images/educator/icon-question-flip.png"/>
        	<file href="common/images/educator/icon-question-form.png"/>
        	<file href="common/images/educator/icon-question-immed.png"/>
        	<file href="common/images/educator/icon-question-learn.png"/>
        	<file href="common/images/educator/icon-question-ped.png"/>
        	<file href="common/images/educator/icon-question-readq.png"/>
        	<file href="common/images/educator/icon-question-service.png"/>
        	<file href="common/images/educator/icon-question-sum.png"/>
        	<file href="common/webfonts/TitilliumText22L002-webfont.woff"/>
        	<file href="common/webfonts/TitilliumText22L002-webfont.ttf"/>
        	<file href="common/webfonts/TitilliumText22L002-webfont.svg"/>
        	<file href="common/webfonts/TitilliumText22L002-webfont.eot"/>
        	<file href="common/webfonts/TitilliumText22L003-webfont.woff"/>
        	<file href="common/webfonts/TitilliumText22L003-webfont.ttf"/>
        	<file href="common/webfonts/TitilliumText22L003-webfont.eot"/>
        	<file href="common/webfonts/TitilliumText22L003-webfont.svg"/>
        	<file href="common/webfonts/TitilliumText22L005-webfont.woff"/>
        	<file href="common/webfonts/TitilliumText22L005-webfont.ttf"/>
        	<file href="common/webfonts/TitilliumText22L005-webfont.svg"/>
        	<file href="common/webfonts/TitilliumText22L005-webfont.eot"/>
        </resource>        
  </resources>
</manifest>
